﻿Rank,TeamId,TeamName,LastSubmissionDate,Score,SubmissionCount,TeamMemberUserNames
1,13583441,"Maksim Lyara","2025-04-30 09:14:58",0.90245,28,maxlyara1
2,13718183,delta_filaa,"2025-04-30 05:33:33",0.89632,37,deltafilaa
3,13665951,"Ksenia Brazhnik","2025-04-30 05:03:45",0.88815,47,kseniabrazhnik
4,13693437,"Ксения Посохова","2025-04-27 19:16:17",0.87946,23,taisia1466
5,13694510,"Dinara Valeeva","2025-04-30 11:18:19",0.87691,40,dinaravaleeva
6,13728510,"Olya Sokolova","2025-04-30 20:18:47",0.78447,21,mlissin
7,13609823,Мария,"2025-04-30 11:17:26",0.78038,5,msg056
8,13604154,vakuzzer,"2025-04-30 15:57:24",0.77323,22,vakuzzer
9,13681545,"Alina Okhina","2025-04-30 20:07:24",0.74259,7,alinaokhina
10,13740804,"Mr Firstik","2025-04-30 20:23:05",0.73084,3,mrfirstik
11,13692516,0000p!umDiesel,"2025-04-30 01:16:47",0.72727,44,spalatov
12,13720335,yana,"2025-04-26 09:09:17",0.71807,9,yanavasilyeva
13,13675494,anton_lite,"2025-04-30 04:46:58",0.71501,11,antonlite
14,13592715,"Сергеева Екатерина","2025-04-30 16:06:42",0.70990,11,tsukik0
15,13702523,semga1337,"2025-04-30 06:52:43",0.70633,20,semga1337
16,13748514,syomga1337,"2025-04-30 17:57:51",0.70326,6,syomga1337
17,13707739,Nusha_Petracheva,"2025-04-26 22:44:38",0.68488,11,nushapetracheva
18,13734417,"jet set","2025-04-29 18:29:20",0.68232,8,sorokoladka
19,13686062,kgalimullina,"2025-04-30 16:16:50",0.67211,7,kamillagalimullina
20,13734507,Slavadelik,"2025-04-30 20:50:06",0.65679,3,slavadelik
21,13657503,"Alinka Ches","2025-04-30 18:52:58",0.64096,16,alinachesnokova
22,13721832,"Victoria Koroleva","2025-04-30 20:39:54",0.63176,6,victoriakoroleva
23,13731695,"Arseny Vetkasov","2025-04-30 18:14:58",0.63125,21,arsenyvetkasov
24,13604731,"Yury Shiroglazov","2025-04-29 16:16:53",0.63023,9,yuryshiroglazov
25,13728046,"Vika Danilchenko","2025-04-30 20:53:43",0.62819,18,vikadanilchenko
26,13701621,"Владислав Спирин","2025-04-30 06:42:28",0.62563,20,zvladoz
27,13739893,sssdasha,"2025-04-30 20:49:47",0.62206,1,sssdasha
28,13583421,"Isaev Semyon","2025-04-28 12:34:41",0.60929,4,isaevsemyon
29,13623411,"Anna Teterina","2025-04-30 18:35:53",0.60776,10,antewq
30,13583521,"Fedoseev Roman","2025-04-28 16:38:08",0.60367,7,fedoseevroman
31,13734748,"Petr Pivanov","2025-04-30 19:50:00",0.60265,13,petrpivanov
32,13746077,"Mary Basova","2025-04-30 20:00:19",0.58478,5,marybasova
33,13718344,sony,"2025-04-30 20:34:28",0.55464,20,sonyagus
34,13660911,"Marina Mardoyan","2025-04-30 15:24:18",0.54034,23,marinamardoyan
35,13736044,ankkkaas,"2025-04-30 20:07:56",0.51991,10,zadmishaxwim8xysbe
36,13720933,"Andrey Dzyagil","2025-04-30 17:29:16",0.49795,13,andreydriegiel
37,13583884,"Victoria Karandey","2025-04-30 16:03:40",0.43207,11,victoriakarandey
38,13597314,"Sokolov Dmitry","2025-04-30 20:53:31",0.39274,3,cgsg155
39,13744498,"Maksim Leonov","2025-04-30 20:29:52",0.35903,8,maksimleonov
40,13744036,egorich51,"2025-04-30 20:07:59",0.30694,17,egorich51
41,13582799,Baseline,"2025-04-01 09:05:19",0.09141,1,zlatanecheporchuk
42,13738128,grii_nya,"2025-04-30 15:27:19",0.08069,10,griinya
43,13661467,"Алёна Бирюкова","2025-04-29 19:23:45",0.07763,2,alionabir
44,13736264,"Arina Gr","2025-04-30 20:19:11",0.07507,1,arinagr
45,13721321,"Alena Alexeeva","2025-04-30 18:33:58",0.06945,10,alenaalexeeva
